{"wm_acc": 0.94, "test_acc": 0.8912891289128912, "time": 4825.8606650829315}