{"wm_acc": 0.98, "test_acc": 0.87998799879988, "time": 202.67918610572815}