{"wm_acc": 1.0, "test_acc": 0.9122912291229123, "time": 402.8105149269104}