{"wm_acc": 1.0, "test_acc": 0.9082908290829083, "time": 1025.351239681244}