{"wm_acc": 1.0, "test_acc": 0.9048904890489049, "time": 522.3756551742554}