{"wm_acc": 1.0, "test_acc": 0.8646864686468647, "time": 520.9193625450134}