{"train_acc": [98.45739471106758, 98.35673087387093, 98.64783980846664, 98.91718358907389, 99.18652736968114, 99.28991185112635, 99.37425182283165, 99.48579823702252, 99.48307759277397, 99.54837305473936, 99.5456524104908, 99.63815431494177, 99.5783001414735, 99.60550658395908, 99.64631624768745, 99.649036891936, 99.67896397867015, 99.66808140167592, 99.62183044945043, 99.71977364239852, 99.6435956034389, 99.71161170965284, 99.7469800848841, 99.70889106540429, 99.7143323539014], "train_loss": [0.051495158014417064, 0.057470533472223036, 0.04603971508981769, 0.03534973422076526, 0.02885819796303733, 0.025510071477312456, 0.023966382069632593, 0.021415624986056574, 0.021094719850849323, 0.01962352239141975, 0.019717992395397718, 0.018397123146944486, 0.017836771513393076, 0.01733108417731314, 0.017296164481331946, 0.016127569741464155, 0.01570012340388421, 0.016493174018084335, 0.016752500542599556, 0.015383838122230785, 0.016070036836424984, 0.014911552835391672, 0.01436787492296929, 0.014946363660179436, 0.014743705073722005], "wm_acc": [50.86805555555556, 55.729166666666664, 73.00347222222223, 85.59027777777777, 90.97222222222223, 94.96527777777777, 96.61458333333333, 98.52430555555556, 98.69791666666667, 99.56597222222223, 99.91319444444444, 99.82638888888889, 100.0, 100.0, 100.0, 100.0, 100.0, 100.0, 99.91319444444444, 100.0, 100.0, 100.0, 100.0, 100.0, 100.0], "wm_loss": [-691.4880698739141, -695.7035653977518, -697.202914823027, -694.8009148762371, -699.486089459469, -695.763760039479, -705.4746038042072, -696.0687455935993, -700.6805191246999, -696.3528495218743, -702.9868397692828, -692.196133327938, -705.1333313557149, -706.2204837522289, -701.4684343012518, -696.1026279549887, -700.5358063761025, -700.9865099324289, -694.9776863151269, -700.4511087219288, -702.3267618650166, -698.7077931723329, -705.5547129098077, -702.1067756290419, -702.154820418689], "test_acc": [0.9043904390439044, 0.8912891289128912, 0.8914891489148915, 0.8970897089708971, 0.8997899789978998, 0.9007900790079008, 0.8981898189818982, 0.9026902690269026, 0.904990499049905, 0.9040904090409041, 0.9055905590559056, 0.9033903390339034, 0.905090509050905, 0.9063906390639064, 0.907990799079908, 0.9053905390539054, 0.9095909590959096, 0.9056905690569057, 0.9075907590759076, 0.9071907190719072, 0.9077907790779078, 0.9086908690869087, 0.9084908490849085, 0.9083908390839084, 0.9107910791079108]}