{"wm_acc": 1.0, "test_acc": 0.9090909090909091, "time": 1170.8384218215942}