{"train_acc": [99.38241375557732, 99.20285123517249, 99.02328871476766, 99.0341712917619, 98.8518881271085, 98.65328109696377, 98.5852649907498, 98.36217216236805, 98.29143541190554, 98.25062574817717, 98.12003482424637, 97.96223745783001, 97.93775165959299, 97.78539558167374, 97.703776254217, 97.32832734791599, 97.24670802045924, 97.18141255849385, 96.92023071063228, 96.87397975840679, 96.80596365219284, 96.73250625748177, 96.51213407334856, 96.39514637066057, 96.18021547502448, 96.12580259005333, 95.9979323103711, 95.90543040592013, 95.82381107846338, 95.7122646642725, 95.68233757753836, 95.5762324518446, 95.56807051909892, 95.77211883774078, 95.42931766242246, 95.40211121993688, 95.49461312438785, 95.5435847208619, 95.40483186418544, 95.29600609424311, 95.50549570138209, 95.28240287300032, 95.3422570464686, 95.4918924801393, 95.64424855805855, 95.60888018282729, 95.49461312438785, 95.69049951028404, 95.68505822178692, 95.63608662531287, 95.54902600935901, 95.61160082707585, 95.58167374034171, 95.76123626074654, 95.84013494395472, 95.8292523669605, 95.80204592447491, 95.92991620415714, 95.88366525193166, 95.93535749265426, 96.11492001305909, 96.2047012732615, 96.07138970508217, 96.23190771574708, 95.99521166612254, 96.15845032103603, 96.21286320600719, 96.11492001305909, 96.06322777233649, 96.08227228207639, 96.02785939710523, 96.30536511045815, 96.22374578300142, 96.15028838829035, 96.25911415823266, 96.28904124496681, 96.38154314941778, 96.3543367069322, 96.34617477418652, 96.22646642724997, 96.38154314941778, 96.46860376537164, 96.41691152464904, 96.48220698661443, 96.50125149635434, 96.47948634236587, 96.52845793883992, 96.61551855479378, 96.55838502557405, 96.59647404505387, 96.43051474589183, 96.57198824681684, 96.44683861138317, 96.58015017956252, 96.49308956360866, 96.56654695831973, 96.6536075742736, 96.61007726629666, 96.60191533355099, 96.85765589291545, 96.8086842964414, 96.79236043095005, 96.85493524866689, 96.69441723800196, 96.68353466100773, 96.74610947872456, 96.65088693002502, 96.66993143976494, 96.63184242028512, 96.71346174774186, 96.71618239199043, 96.59919468930242, 96.64272499727936, 96.72978561323322, 96.8930242681467, 96.89574491239526, 96.71618239199043, 96.80596365219284, 96.68897594950484, 96.67265208401349, 96.83317009467842, 96.74066819022745], "train_loss": [0.018377231010438044, 0.023706914251553687, 0.02813728089448495, 0.028501811629471983, 0.03281996497181619, 0.038205363350985344, 0.042962692240134506, 0.04650464725969198, 0.052500489052834685, 0.05412024499061792, 0.058039258829442546, 0.06197712407779325, 0.06367431922049216, 0.0696292277605934, 0.07234343025127554, 0.08190508589204468, 0.08551858448401047, 0.08825079316230966, 0.09367404197135834, 0.09654348969641156, 0.09917342020321339, 0.10682066290514983, 0.1100107127647948, 0.11190820706462767, 0.1183181229282715, 0.120645999370066, 0.12377903921091202, 0.12408285563701592, 0.13399623045595443, 0.13411078127991946, 0.1328339374439023, 0.13922551314191728, 0.1387386660163843, 0.13471190192414284, 0.14060400092331937, 0.14228247384914625, 0.13776119272446058, 0.138545134865637, 0.14253093176816803, 0.14298156825875236, 0.1389615208993787, 0.14323740850030137, 0.14145198492285657, 0.13456948254926768, 0.1336476105768126, 0.13225368429565212, 0.1350121664487183, 0.1314268126388099, 0.13212410922875042, 0.13119010015915106, 0.13387631803559638, 0.13342079101601653, 0.13389174195365477, 0.12909979025944493, 0.1267176254544298, 0.12952603119373685, 0.1264479252093115, 0.12429044594415994, 0.1252864236339468, 0.12363780523646395, 0.11796437990537002, 0.11532699116144363, 0.11862872347814601, 0.11730319778526656, 0.11801288422127779, 0.11550122072004185, 0.11266391434805971, 0.1152748610122586, 0.11889630654701693, 0.11470509606796349, 0.11816897433275872, 0.11010010713351176, 0.11126999520531597, 0.1134244648056381, 0.11165809212318377, 0.11116533852211213, 0.10601198238408116, 0.10776817727222227, 0.10977334034807444, 0.11076060344830653, 0.10775797013775129, 0.10841612107034204, 0.10437410848679617, 0.10632491105431013, 0.10265819533292352, 0.10261480153313995, 0.10274681782019335, 0.10229065946019218, 0.10264835737111298, 0.09949602133652528, 0.10366602976186087, 0.10344634789133088, 0.10351733084484677, 0.09949878725085506, 0.101886211492795, 0.10499847680897847, 0.09679799569173325, 0.10088415450262146, 0.09724780215001726, 0.09338012629902419, 0.09470575837085395, 0.09496098320895925, 0.09326454192734035, 0.09527519053714373, 0.09475872337020304, 0.09610197679568899, 0.0965319808148069, 0.09990610258015446, 0.09693576371025009, 0.09655065592737164, 0.09815366135962654, 0.10037558512097929, 0.09667411799113786, 0.09536531954818872, 0.09360554040821012, 0.0932878363374424, 0.09429842639065422, 0.09321190853193621, 0.09519879556426106, 0.09610497175395287, 0.09199798310094254, 0.09249530683171958], "wm_acc": [48.697916666666664, 52.083333333333336, 52.170138888888886, 52.604166666666664, 53.385416666666664, 53.55902777777778, 53.55902777777778, 54.947916666666664, 54.77430555555556, 56.423611111111114, 57.11805555555556, 57.72569444444444, 59.46180555555556, 60.763888888888886, 59.982638888888886, 62.673611111111114, 64.0625, 61.979166666666664, 65.71180555555556, 66.05902777777777, 67.27430555555556, 68.57638888888889, 68.05555555555556, 69.79166666666667, 71.70138888888889, 72.82986111111111, 73.78472222222223, 72.39583333333333, 74.13194444444444, 75.95486111111111, 75.17361111111111, 77.17013888888889, 78.125, 80.38194444444444, 82.11805555555556, 80.29513888888889, 83.07291666666667, 83.33333333333333, 83.42013888888889, 86.45833333333333, 86.02430555555556, 86.89236111111111, 86.63194444444444, 86.97916666666667, 90.45138888888889, 89.14930555555556, 89.49652777777777, 91.14583333333333, 91.40625, 92.44791666666667, 91.57986111111111, 92.01388888888889, 93.40277777777777, 92.70833333333333, 92.96875, 93.22916666666667, 94.09722222222223, 94.27083333333333, 95.05208333333333, 95.57291666666667, 96.18055555555556, 96.09375, 96.00694444444444, 96.35416666666667, 95.83333333333333, 96.09375, 96.78819444444444, 96.26736111111111, 97.39583333333333, 96.96180555555556, 97.91666666666667, 97.13541666666667, 98.17708333333333, 98.17708333333333, 98.35069444444444, 98.26388888888889, 97.82986111111111, 98.26388888888889, 98.09027777777777, 98.4375, 98.00347222222223, 98.09027777777777, 98.4375, 98.52430555555556, 98.87152777777777, 97.91666666666667, 98.61111111111111, 98.17708333333333, 98.09027777777777, 98.26388888888889, 98.69791666666667, 98.78472222222223, 98.78472222222223, 98.52430555555556, 98.69791666666667, 98.95833333333333, 98.61111111111111, 99.13194444444444, 98.61111111111111, 99.04513888888889, 98.4375, 98.78472222222223, 98.61111111111111, 99.04513888888889, 98.52430555555556, 98.78472222222223, 98.87152777777777, 99.21875, 99.04513888888889, 98.87152777777777, 99.21875, 99.13194444444444, 99.13194444444444, 99.13194444444444, 99.39236111111111, 99.13194444444444, 99.56597222222223, 99.13194444444444, 99.39236111111111, 99.65277777777777, 99.56597222222223, 100.0],