{"wm_acc": 0.98, "test_acc": 0.8535853585358536, "time": 3415.795772790909}