{"wm_acc": 1.0, "test_acc": 0.9104910491049105, "time": 515.1502606868744}