{"wm_acc": 1.0, "test_acc": 0.9075907590759076, "time": 885.8754053115845}