{"train_acc": [99.36064860158885, 99.0913048209816, 98.86005005985417, 98.57166176950702, 98.54445532702144, 98.3975405375993, 98.2288605941887, 98.13907933398629, 98.21525737294591, 98.22069866144302, 98.23974317118294, 98.31592121014256, 98.20165415170312, 98.29959734465122, 98.30775927739688, 98.39481989335074, 98.4628359995647, 98.51996952878442, 98.60158885624116, 98.63967787572098, 98.67232560670367, 98.6832081836979, 98.68592882794646, 98.75666557840897, 98.73762106866906, 98.70769398193492, 98.66688431820656, 98.75394493416042, 98.82740232887147, 98.93350745456524, 98.83012297312004, 98.86277070410273, 98.89813907933399, 98.88181521384264, 98.80291653063445, 98.87637392534552, 98.8382849058657, 98.8518881271085, 98.90902165632822, 98.92534552181957, 99.00152356077919, 98.87637392534552, 98.9688758297965, 98.86821199259985, 98.95799325280227, 98.9879203395364, 98.9879203395364, 99.0205680705191, 99.039612580259, 99.04505386875613], "train_loss": [0.02188172099313392, 0.031340676181554304, 0.04098187181919234, 0.04562274337022449, 0.048873627434903956, 0.05252786436460653, 0.055268433465911114, 0.05821975432632278, 0.055512463897126114, 0.05674499320003125, 0.05478243144294528, 0.05373373397188447, 0.05437676999537545, 0.05472411054926088, 0.05286810707573741, 0.0515425165310228, 0.049692993263825196, 0.04836551602660234, 0.046923955239818536, 0.0459071384362381, 0.045446009838839896, 0.044530591582973685, 0.04385868110174563, 0.04248404674031735, 0.04303444555076503, 0.04409213184285493, 0.04315371718956994, 0.04179615443958553, 0.0402353707316236, 0.03948623367486626, 0.04055997503246183, 0.039934018594984626, 0.03926520705683627, 0.038658604257733896, 0.03910836324714784, 0.03851890354612367, 0.04006016408074523, 0.039034105640317035, 0.036851248537375834, 0.037322778368666924, 0.037529792711227916, 0.03803004736411376, 0.036874479682408035, 0.03744949515398548, 0.03686451976304994, 0.0360919297275002, 0.037502332172646514, 0.03599408054873323, 0.035885814231123005, 0.03630903477877109], "wm_acc": [52.517361111111114, 53.81944444444444, 55.03472222222222, 59.114583333333336, 60.85069444444444, 61.892361111111114, 63.802083333333336, 69.27083333333333, 71.52777777777777, 75.60763888888889, 78.38541666666667, 82.20486111111111, 83.59375, 86.80555555555556, 87.06597222222223, 89.32291666666667, 89.14930555555556, 90.01736111111111, 90.01736111111111, 90.45138888888889, 91.31944444444444, 91.31944444444444, 91.40625, 92.53472222222223, 92.96875, 93.92361111111111, 94.18402777777777, 94.01041666666667, 94.79166666666667, 94.87847222222223, 95.22569444444444, 96.18055555555556, 96.61458333333333, 96.35416666666667, 96.00694444444444, 96.26736111111111, 96.61458333333333, 96.96180555555556, 96.78819444444444, 97.04861111111111, 96.26736111111111, 97.74305555555556, 96.875, 97.39583333333333, 97.39583333333333, 97.74305555555556, 97.13541666666667, 98.00347222222223, 98.00347222222223, 97.82986111111111], "wm_loss": [-689.1940578704375, -689.9588993908512, -693.2569828440805, -696.2112778814582, -690.1599057556182, -697.7482102527451, -698.9242126975711, -695.0495462011083, -703.3003349998878, -699.0866361716033, -697.1106647668888, -705.6509276942994, -701.3501451201505, -705.8718229685716, -701.4783129346653, -701.7399846938047, -701.5586889971102, -697.4202081288847, -702.3464861591652, -700.8847446755254, -699.8265935103258, -702.9483267455718, -702.1695583788292, -700.0513486465443, -697.2275798967587, -701.9176427352694, -699.6969667298983, -701.8771761868086, -695.7318625023877, -701.0963003262726, -695.1560392341036, -698.145302257532, -696.6934944362333, -700.9670255995068, -693.9006577381432, -704.7373499130431, -701.5219008906416, -704.5594728977298, -697.1977915045442, -706.4686208292823, -699.7257351238436, -698.6267115699227, -702.5753218580586, -705.3122387530689, -704.2807949148851, -700.423474406079, -696.7208278092996, -700.134129742431, -705.5671577670016, -699.0769569101325], "test_acc": [0.9004900490049005, 0.8907890789078908, 0.8870887088708871, 0.8891889188918892, 0.8841884188418841, 0.8913891389138914, 0.8878887888788879, 0.8865886588658866, 0.8882888288828883, 0.8810881088108811, 0.8873887388738874, 0.8865886588658866, 0.8871887188718872, 0.8847884788478848, 0.8886888688868887, 0.891989198919892, 0.8881888188818882, 0.8917891789178918, 0.8896889688968896, 0.8934893489348935, 0.8966896689668967, 0.893989398939894, 0.8961896189618962, 0.8938893889388939, 0.8890889088908891, 0.890989098909891, 0.8942894289428943, 0.8963896389638963, 0.8943894389438944, 0.8924892489248925, 0.8917891789178918, 0.8934893489348935, 0.8956895689568957, 0.8873887388738874, 0.893989398939894, 0.893989398939894, 0.8982898289828983, 0.892989298929893, 0.8960896089608961, 0.8916891689168917, 0.8946894689468947, 0.892989298929893, 0.8922892289228923, 0.8954895489548955, 0.8961896189618962, 0.8978897889788979, 0.8952895289528953, 0.892989298929893, 0.894989498949895, 0.8958895889588959]}