{"wm_acc": 0.97, "test_acc": 0.8958895889588959, "time": 2174.4362711906433}