{"wm_acc": 1.0, "test_acc": 0.9012901290129013, "time": 42.69235038757324}