{"wm_acc": 0.86, "test_acc": 0.8897889788978898, "time": 3961.6139056682587}