{"wm_acc": 1.0, "test_acc": 0.8766876687668766, "time": 390.91233491897583}