{"wm_acc": 1.0, "test_acc": 0.8746874687468746, "time": 2537.4221453666687}