{"wm_acc": 1.0, "test_acc": 0.8798879887988799, "time": 804.952404499054}