{"wm_acc": 1.0, "test_acc": 0.9109910991099109, "time": 683.95663022995}