{"wm_acc": 1.0, "test_acc": 0.9096909690969097, "time": 1069.0526201725006}