{"wm_acc": 1.0, "test_acc": 0.8712871287128713, "time": 43.22588229179382}